id,user_id,species_name,date_observed,location,coordinates,image_url,notes,ai_identification,created_at,category,quantity,habitat_type,species_type
1683721500000,sample_user,Common Leopard,2023-01-15T08:30:00,Margalla Hills Trail 4,"[73.050, 33.750]",/static/images/samples/leopard.jpg,Spotted at dawn moving quickly through dense vegetation,This appears to be a Common Leopard (Panthera pardus) a large cat native to Margalla Hills.,2023-01-15T12:00:00,,,,
1683721600000,sample_user,Barking Deer,2023-02-03T07:15:00,Margalla Hills National Park,"[73.060, 33.748]",/static/images/samples/barking_deer.jpg,Small group of 3 individuals feeding in early morning,This is a Barking Deer (Muntiacus muntjak) also known as Indian Muntjac common in Margalla Hills.,2023-02-03T10:30:00,,,,
1683721700000,sample_user,Indian Pangolin,2023-01-29T19:45:00,Darra Jangla,"[73.048, 33.752]",/static/images/samples/pangolin.jpg,Single individual crossing the path at night,This is an Indian Pangolin (Manis crassicaudata) an endangered mammal found in Pakistan.,2023-01-29T20:15:00,,,,
1683721800000,sample_user,Mallard Duck,2023-02-10T16:20:00,Rawal Lake,"[73.128, 33.699]",/static/images/samples/mallard.jpg,Large flock of wintering waterfowl near western shore,This is a male Mallard Duck (Anas platyrhynchos) a common migratory waterfowl.,2023-02-10T17:00:00,,,,
1683721900000,sample_user,Indian Cobra,2023-03-01T11:10:00,Shakarparian Park,"[73.084, 33.694]",/static/images/samples/cobra.jpg,Observed basking on rocks in morning sun,This is an Indian Cobra (Naja naja) a venomous snake species found throughout South Asia.,2023-03-01T12:00:00,,,,
1683722000000,sample_user,Himalayan Griffon,2023-02-18T09:30:00,Margalla Hills Trail 3,"[73.061, 33.744]",/static/images/samples/griffon.jpg,Soaring high above Margalla Hills,This is a Himalayan Griffon (Gyps himalayensis) a large Old World vulture native to the Himalayas.,2023-02-18T10:15:00,,,,
1683722100000,sample_user,Red Fox,2023-01-30T17:45:00,Rawal Lake Periphery,"[73.135, 33.707]",/static/images/samples/red_fox.jpg,Single fox hunting near lake shore at dusk,This is a Red Fox (Vulpes vulpes) a common mammal found throughout the region.,2023-01-30T18:30:00,,,,
1683722200000,sample_user,Asian Black Bear,2023-03-05T06:50:00,Upper Margalla Hills,"[73.042, 33.765]",/static/images/samples/black_bear.jpg,Rare sighting! Spotted from distance foraging for food,This appears to be an Asian Black Bear (Ursus thibetanus) a rare sight in the upper elevations of Margalla Hills.,2023-03-05T08:20:00,,,,
1683722300000,sample_user,Wild Boar,2023-02-25T18:30:00,Shakarparian Forest,"[73.077, 33.688]",/static/images/samples/wild_boar.jpg,Group of 5-6 individuals including juveniles,This is a Wild Boar (Sus scrofa) a common mammal in the forested areas around Islamabad.,2023-02-25T19:00:00,,,,
1683722400000,sample_user,Golden Jackal,2023-02-15T06:15:00,Near Rawal Dam,"[73.118, 33.692]",/static/images/samples/jackal.jpg,Pair observed hunting at dawn,This is a Golden Jackal (Canis aureus) a member of the wolf family found throughout South Asia.,2023-02-15T07:00:00,,,,
1683723500000,sample_user,Indian Grey Mongoose,2023-03-20T15:30:00,Shakarparian Forest,"[73.079, 33.686]",/static/images/samples/mongoose.jpg,Solitary individual hunting in undergrowth,This is an Indian Grey Mongoose (Herpestes edwardsii) known for its agility and snake-hunting abilities.,2023-03-20T16:15:00,,,,
1683723600000,sample_user,Yellow-throated Marten,2023-02-28T07:45:00,Upper Margalla Hills,"[73.047, 33.758]",/static/images/samples/marten.jpg,Rare sighting moving through tree canopy,This is a Yellow-throated Marten (Martes flavigula) a rarely seen arboreal mammal in the Margalla Hills.,2023-02-28T08:30:00,,,,
1683723700000,sample_user,Spotted Owlet,2023-03-25T18:50:00,Rawal Lake Area,"[73.126, 33.697]",/static/images/samples/owlet.jpg,Perched on tree branch at dusk beginning to hunt,This is a Spotted Owlet (Athene brama) a small nocturnal bird of prey common in the region.,2023-03-25T19:30:00,,,,
1683723800000,sample_user,Rufous Treepie,2023-04-10T08:15:00,Daman-e-Koh,"[73.066, 33.735]",/static/images/samples/treepie.jpg,Pair displaying territorial behavior,This is a Rufous Treepie (Dendrocitta vagabunda) a species of tree crow native to the Indian subcontinent.,2023-04-10T09:00:00,,,,
1683723900000,sample_user,Indian Flying Fox,2023-04-18T19:20:00,F-9 Park,"[73.034, 33.700]",/static/images/samples/flying_fox.jpg,Large colony roosting in tall trees,This is an Indian Flying Fox (Pteropus giganteus) one of the largest bats in the world commonly found in South Asia.,2023-04-18T20:00:00 ,,,,
1747428714079,user_1747428712838,White Tiger ,2025-05-17T01:51:54.079261,F9 Park ,,/static/uploads/29916ca9-3310-4ec0-9968-f6febb6e5fd4_IMG_1405.jpg,I saw a White Tiger at F9 Park ,,2025-05-17T01:51:54.079289,,,,
1683724000000,sample_user,Eurasian Eagle-Owl,2023-05-01T19:30:00,Margalla Hills Trail 5,"[73.048, 33.747]",/static/images/samples/eagle_owl.jpg,Large owl perched on rocky outcrop,This is a Eurasian Eagle-Owl (Bubo bubo) one of the largest owl species found in the region.,2023-05-01T20:15:00,,,,
1683724100000,sample_user,Rhesus Macaque,2023-05-05T10:45:00,Pir Sohawa,"[73.088, 33.783]",/static/images/samples/macaque.jpg,Troop of 12 individuals including juveniles,This is a group of Rhesus Macaques (Macaca mulatta) commonly found in the Margalla Hills area.,2023-05-05T11:30:00,,,,
1683724200000,sample_user,Grey Langur,2023-05-10T08:30:00,Margalla Hills Trail 2,"[73.053, 33.743]",/static/images/samples/langur.jpg,Small family group moving through forest canopy,This is a Grey Langur (Semnopithecus entellus) an arboreal primate species native to the Indian subcontinent.,2023-05-10T09:15:00,,,,
1683724300000,sample_user,Rose-ringed Parakeet,2023-05-15T16:20:00,F-10 Park,"[73.021, 33.694]",/static/images/samples/parakeet.jpg,Flock feeding on flowering trees,This is a Rose-ringed Parakeet (Psittacula krameri) a common bird species in urban areas of Islamabad.,2023-05-15T17:00:00,,,,
1683724400000,sample_user,Indian Peafowl,2023-05-20T07:10:00,Shakarparian Park,"[73.081, 33.692]",/static/images/samples/peafowl.jpg,Male displaying full plumage to females,This is an Indian Peafowl (Pavo cristatus) also known as the common peacock.,2023-05-20T08:00:00,,,,
1683724500000,sample_user,Himalayan Black Bear,2023-05-25T06:30:00,Upper Margalla Hills,"[73.045, 33.763]",/static/images/samples/himalayan_bear.jpg,Individual foraging in early morning,This appears to be a Himalayan Black Bear (Ursus thibetanus laniger) a rare sight in the higher elevations of Margalla Hills.,2023-05-25T07:15:00,,,,
1683724600000,sample_user,Indian Rock Python,2023-06-01T11:45:00,Rawal Lake Periphery,"[73.132, 33.702]",/static/images/samples/python.jpg,Large specimen approximately 3 meters long,This is an Indian Rock Python (Python molurus) a non-venomous snake species native to South Asia.,2023-06-01T12:30:00,,,,
1683724700000,sample_user,Black Kite,2023-06-05T14:20:00,Near Zero Point,"[73.084, 33.715]",/static/images/samples/kite.jpg,Multiple individuals soaring over city,This is a Black Kite (Milvus migrans) one of the most common raptors in urban areas of Pakistan.,2023-06-05T15:00:00,,,,
1683724800000,sample_user,Himalayan Monal,2023-06-10T07:50:00,Upper Margalla Hills,"[73.044, 33.768]",/static/images/samples/monal.jpg,Rare sighting! Male in full colorful plumage,This is a Himalayan Monal (Lophophorus impejanus) the national bird of Nepal occasionally spotted in the upper reaches of Margalla Hills.,2023-06-10T08:30:00,,,,
1683724900000,sample_user,Small Indian Civet,2023-06-15T20:30:00,Shakarparian Forest,"[73.078, 33.687]",/static/images/samples/civet.jpg,Nocturnal sighting crossing forest trail,This is a Small Indian Civet (Viverricula indica) a nocturnal mammal rarely observed in the wild.,2023-06-15T21:15:00,,,,
1683725000000,sample_user,Indian Grey Hornbill,2023-06-20T09:15:00,Rawal Lake Area,"[73.127, 33.698]",/static/images/samples/hornbill.jpg,Pair observed near nesting cavity in old tree,This is an Indian Grey Hornbill (Ocyceros birostris) a medium-sized hornbill species found in South Asia.,2023-06-20T10:00:00,,,,
1683725100000,sample_user,Smooth-coated Otter,2023-06-25T16:40:00,Rawal Lake,"[73.133, 33.705]",/static/images/samples/otter.jpg,Family group of 3 playing near shoreline,This is a Smooth-coated Otter (Lutrogale perspicillata) a semi-aquatic mammal occasionally found around Rawal Lake.,2023-06-25T17:30:00,,,,
1683725200000,sample_user,Red-vented Bulbul,2023-07-01T08:20:00,F-9 Park,"[73.033, 33.698]",/static/images/samples/bulbul.jpg,Perched on flowering bush singing loudly,This is a Red-vented Bulbul (Pycnonotus cafer) a common garden bird throughout South Asia.,2023-07-01T09:00:00,,,,
1683725300000,sample_user,Kashmir Rock Agama,2023-07-05T12:30:00,Margalla Hills Trail 3,"[73.060, 33.743]",/static/images/samples/agama.jpg,Male displaying bright breeding colors on rock,This is a Kashmir Rock Agama (Laudakia tuberculata) a lizard species common in rocky areas of northern Pakistan.,2023-07-05T13:15:00,,,,
1683725400000,sample_user,White-breasted Kingfisher,2023-07-10T07:45:00,Rawal Lake,"[73.130, 33.701]",/static/images/samples/kingfisher.jpg,Observed diving for fish from overhanging branch,This is a White-breasted Kingfisher (Halcyon smyrnensis) also known as the White-throated Kingfisher common around water bodies.,2023-07-10T08:30:00,,,,
1683725500000,sample_user,Yellow-footed Green Pigeon,2023-07-15T09:10:00,Shakarparian Park,"[73.082, 33.693]",/static/images/samples/green_pigeon.jpg,Small flock feeding on wild figs,This is a Yellow-footed Green Pigeon (Treron phoenicopterus) a fruit-eating pigeon species with distinctive coloration.,2023-07-15T10:00:00,,,,
1683725600000,sample_user,Alexandrine Parakeet,2023-07-20T16:30:00,Daman-e-Koh,"[73.065, 33.736]",/static/images/samples/alexandrine.jpg,Pair calling loudly while flying overhead,This is an Alexandrine Parakeet (Psittacula eupatria) a large parakeet species native to South Asia.,2023-07-20T17:15:00,,,,
1683725700000,sample_user,Indian Palm Squirrel,2023-07-25T08:50:00,F-10 Park,"[73.022, 33.695]",/static/images/samples/palm_squirrel.jpg,Very active running up and down palm trees,This is an Indian Palm Squirrel (Funambulus palmarum) a small striped squirrel common in urban areas.,2023-07-25T09:30:00,,,,
1683725800000,sample_user,Black Drongo,2023-08-01T17:20:00,Shakarparian Park,"[73.083, 33.691]",/static/images/samples/drongo.jpg,Aggressively chasing away larger birds,This is a Black Drongo (Dicrurus macrocercus) known for its bold behavior and territorial displays.,2023-08-01T18:00:00,,,,
1683725900000,sample_user,Asian Pied Starling,2023-08-05T07:30:00,Rawal Lake Periphery,"[73.131, 33.703]",/static/images/samples/starling.jpg,Flock foraging on open ground,This is an Asian Pied Starling (Gracupica contra) a striking black and white starling species.,2023-08-05T08:15:00,,,,
1683726000000,sample_user,Jungle Cat,2023-08-10T18:45:00,Margalla Hills Trail 5,"[73.049, 33.748]",/static/images/samples/jungle_cat.jpg,Individual hunting at dusk in tall grass,This is a Jungle Cat (Felis chaus) a medium-sized wild cat found throughout South Asia.,2023-08-10T19:30:00,,,,
1683726100000,sample_user,Eurasian Hoopoe,2023-08-15T09:25:00,F-9 Park,"[73.032, 33.699]",/static/images/samples/hoopoe.jpg,Probing in lawn for insects with distinctive bill,This is a Eurasian Hoopoe (Upupa epops) known for its distinctive crown of feathers and unique appearance.,2023-08-15T10:15:00,,,,
1683726200000,sample_user,Brown Fish Owl,2023-08-20T19:10:00,Rawal Lake,"[73.129, 33.700]",/static/images/samples/fish_owl.jpg,Perched on dead tree overlooking lake,This is a Brown Fish Owl (Ketupa zeylonensis) a large owl species typically found near water bodies.,2023-08-20T20:00:00,,,,
1683726300000,sample_user,Common Myna,2023-08-25T08:00:00,Zero Point,"[73.085, 33.716]",/static/images/samples/myna.jpg,Pair building nest in building crevice,This is a Common Myna (Acridotheres tristis) one of the most abundant bird species in urban areas of Pakistan.,2023-08-25T08:45:00,,,,
1683726400000,sample_user,Chinkara Gazelle,2023-09-01T06:45:00,Margalla Hills National Park,"[73.057, 33.759]",/static/images/samples/chinkara.jpg,Rare sighting! Small group grazing in early morning,This is a Chinkara Gazelle (Gazella bennettii) also known as Indian Gazelle rarely seen in the Margalla Hills.,2023-09-01T07:30:00,,,,
1683726500000,sample_user,Blue Rock Thrush,2023-09-05T08:20:00,Daman-e-Koh,"[73.067, 33.734]",/static/images/samples/thrush.jpg,Male singing from prominent rocky perch,This is a Blue Rock Thrush (Monticola solitarius) a migratory songbird that visits the region.,2023-09-05T09:00:00,,,,
1683726600000,sample_user,Indian Hare,2023-09-10T17:50:00,Shakarparian Forest,"[73.080, 33.689]",/static/images/samples/hare.jpg,Spotted foraging at forest edge at dusk,This is an Indian Hare (Lepus nigricollis) a common lagomorph in the grasslands and forest edges around Islamabad.,2023-09-10T18:30:00,,,,
1683726700000,sample_user,Oriental Garden Lizard,2023-09-15T11:30:00,F-10 Park,"[73.023, 33.696]",/static/images/samples/garden_lizard.jpg,Male displaying breeding colors on garden wall,This is an Oriental Garden Lizard (Calotes versicolor) also known as the changeable lizard for its color-changing ability.,2023-09-15T12:15:00,,,,
1683726800000,sample_user,Indian Scops Owl,2023-09-20T19:40:00,Margalla Hills Trail 3,"[73.059, 33.745]",/static/images/samples/scops_owl.jpg,Small owl perfectly camouflaged against tree bark,This is an Indian Scops Owl (Otus bakkamoena) a small nocturnal owl species with excellent camouflage.,2023-09-20T20:30:00,,,,
1683726900000,sample_user,Purple Sunbird,2023-09-25T08:15:00,Shakarparian Park,"[73.082, 33.690]",/static/images/samples/sunbird.jpg,Male in breeding plumage feeding on nectar,This is a Purple Sunbird (Cinnyris asiaticus) a tiny nectar-feeding bird with iridescent plumage.,2023-09-25T09:00:00,,,,
1683727000000,sample_user,Himalayan Bulbul,2023-10-01T07:30:00,Upper Margalla Hills,"[73.046, 33.760]",/static/images/samples/himalayan_bulbul.jpg,Small flock calling loudly in fruiting tree,This is a Himalayan Bulbul (Pycnonotus leucogenys) a common bird species in the higher elevations of Margalla Hills.,2023-10-01T08:15:00,,,,
1683727100000,sample_user,Indian Monitor Lizard,2023-10-05T13:20:00,Rawal Lake Periphery,"[73.133, 33.704]",/static/images/samples/monitor.jpg,Large individual swimming across small inlet,This is an Indian Monitor Lizard (Varanus bengalensis) a large reptile protected under wildlife conservation laws.,2023-10-05T14:00:00,,,,
1683727200000,sample_user,Himalayan Goral,2023-10-10T06:40:00,Upper Margalla Hills,"[73.043, 33.764]",/static/images/samples/goral.jpg,Rare sighting! Individual moving across steep rocky slope,This is a Himalayan Goral (Naemorhedus goral) a goat-antelope species rarely spotted in the upper Margalla Hills.,2023-10-10T07:25:00,,,,
1683727300000,sample_user,White-throated Fantail,2023-10-15T09:10:00,Daman-e-Koh,"[73.064, 33.737]",/static/images/samples/fantail.jpg,Displaying characteristic fan-like tail movements,This is a White-throated Fantail (Rhipidura albicollis) a small insectivorous bird known for its dance-like movements.,2023-10-15T10:00:00,,,,
1683727400000,sample_user,Jungle Babbler,2023-10-20T08:20:00,Shakarparian Forest,"[73.079, 33.687]",/static/images/samples/babbler.jpg,Noisy group of 7-8 birds moving through undergrowth,This is a group of Jungle Babblers (Turdoides striata) commonly known as 'Seven Sisters' due to their group behavior.,2023-10-20T09:15:00,,,,
1683727500000,sample_user,Indian Pitta,2023-10-25T07:45:00,Margalla Hills Trail 2,"[73.054, 33.742]",/static/images/samples/pitta.jpg,Colorful bird searching for food on forest floor,This is an Indian Pitta (Pitta brachyura) a beautifully colored migratory bird that visits the region.,2023-10-25T08:30:00,,,,
1683727600000,sample_user,Indian Giant Squirrel,2023-11-01T08:50:00,Upper Margalla Hills,"[73.045, 33.761]",/static/images/samples/giant_squirrel.jpg,Rare sighting moving rapidly through tree canopy,This is an Indian Giant Squirrel (Ratufa indica) an uncommonly seen large tree squirrel with distinctive coloration.,2023-11-01T09:30:00,,,,
1683727700000,sample_user,Crested Serpent Eagle,2023-11-05T10:15:00,Margalla Hills Trail 4,"[73.051, 33.749]",/static/images/samples/serpent_eagle.jpg,Perched on tall tree scanning forest floor,This is a Crested Serpent Eagle (Spilornis cheela) a medium-sized raptor that specializes in hunting reptiles.,2023-11-05T11:00:00,,,,
1683727800000,sample_user,Common Hoopoe,2023-11-10T09:30:00,F-9 Park,"[73.035, 33.699]",/static/images/samples/common_hoopoe.jpg,Foraging on ground with distinctive probing motion,This is a Common Hoopoe (Upupa epops) known for its striking appearance and crest of feathers.,2023-11-10T10:15:00,,,,
1683727900000,sample_user,White-throated Kingfisher,2023-11-15T08:10:00,Rawal Lake,"[73.130, 33.700]",/static/images/samples/white_kingfisher.jpg,Perched over water waiting to dive for prey,This is a White-throated Kingfisher (Halcyon smyrnensis) a vibrant blue and brown kingfisher common near water bodies.,2023-11-15T09:00:00,,,,
1683728000000,sample_user,Indian Fox,2023-11-20T18:40:00,Margalla Foothills,"[73.055, 33.738]",/static/images/samples/indian_fox.jpg,Single individual hunting in grassland at dusk,This is an Indian Fox (Vulpes bengalensis) a small fox species native to the Indian subcontinent.,2023-11-20T19:30:00,,,,
1683728100000,sample_user,Grey Francolin,2023-11-25T07:20:00,Shakarparian Park,"[73.081, 33.691]",/static/images/samples/francolin.jpg,Pair foraging in undergrowth,This is a Grey Francolin (Francolinus pondicerianus) a game bird species common in scrubland areas.,2023-11-25T08:10:00,,,,
1683728200000,sample_user,Asian Koel,2023-12-01T06:50:00,F-10 Park,"[73.022, 33.693]",/static/images/samples/koel.jpg,Male calling loudly from dense tree canopy,This is an Asian Koel (Eudynamys scolopaceus) known for its distinctive call and brood parasitic behavior.,2023-12-01T07:40:00,,,,
1683728300000,sample_user,Spotted Deer,2023-12-05T07:30:00,Margalla Hills National Park,"[73.058, 33.751]",/static/images/samples/spotted_deer.jpg,Small herd grazing in forest clearing,This is a Spotted Deer (Axis axis) also known as Chital a species introduced to some protected areas.,2023-12-05T08:20:00,,,,
1683728400000,sample_user,Common Stonechat,2023-12-10T09:15:00,Rawal Lake Periphery,"[73.134, 33.706]",/static/images/samples/stonechat.jpg,Male perched on exposed branch in grassland,This is a Common Stonechat (Saxicola torquatus) a small migratory passerine that winters in the region.,2023-12-10T10:00:00,,,,
1683728500000,sample_user,Indian Flapshell Turtle,2023-12-15T11:40:00,Rawal Lake,"[73.129, 33.701]",/static/images/samples/turtle.jpg,Basking on exposed log in shallow water,This is an Indian Flapshell Turtle (Lissemys punctata) a freshwater turtle species common in lakes and ponds.,2023-12-15T12:30:00,,,,
1683728600000,sample_user,Coppersmith Barbet,2023-12-20T08:25:00,F-9 Park,"[73.033, 33.697]",/static/images/samples/barbet.jpg,Calling repeatedly from fruit tree,This is a Coppersmith Barbet (Psilopogon haemacephalus) named for its metallic call similar to a coppersmith striking metal.,2023-12-20T09:15:00,,,,
1683728700000,sample_user,Spectacled Cobra,2023-12-25T12:10:00,Margalla Hills Trail 5,"[73.047, 33.746]",/static/images/samples/spectacled_cobra.jpg,Observed crossing hiking trail in morning,This is a Spectacled Cobra (Naja naja) a venomous snake species identifiable by the distinctive marking on its hood.,2023-12-25T13:00:00,,,,
1683728800000,sample_user,Indian Pond Heron,2023-12-30T07:50:00,Rawal Lake,"[73.131, 33.702]",/static/images/samples/pond_heron.jpg,Patiently hunting in shallow waters,This is an Indian Pond Heron (Ardeola grayii) a small heron that turns white during breeding season.,2023-12-30T08:40:00,,,,
1683728900000,sample_user,Brown-headed Barbet,2024-01-05T09:40:00,Shakarparian Park,"[73.080, 33.690]",/static/images/samples/brown_barbet.jpg,Observed making nest hole in dead tree,This is a Brown-headed Barbet (Psilopogon zeylanicus) a fruit-eating bird that excavates nest cavities in trees.,2024-01-05T10:30:00,,,,
1683729000000,sample_user,Little Cormorant,2024-01-10T08:15:00,Rawal Lake,"[73.127, 33.698]",/static/images/samples/cormorant.jpg,Group diving for fish near dam,This is a Little Cormorant (Microcarbo niger) a small black diving bird common in freshwater habitats.,2024-01-10T09:00:00,,,,
1683729100000,sample_user,White-rumped Vulture,2024-01-15T11:20:00,Margalla Hills Trail 3,"[73.057, 33.746]",/static/images/samples/vulture.jpg,Rare sighting! Soaring high above ridge,This is a White-rumped Vulture (Gyps bengalensis) a critically endangered species rarely seen in the wild now.,2024-01-15T12:10:00,,,,
1683729200000,sample_user,Grey Wagtail,2024-01-20T07:30:00,Stream near Daman-e-Koh,"[73.063, 33.738]",/static/images/samples/wagtail.jpg,Feeding along rocky stream bed,This is a Grey Wagtail (Motacilla cinerea) a winter visitor to the region often found near flowing water.,2024-01-20T08:20:00,,,,
1683729300000,sample_user,Kashmir Stag,2024-01-25T06:45:00,Upper Margalla Hills,"[73.043, 33.762]",/static/images/samples/stag.jpg,Extremely rare sighting at dawn,This appears to be a Kashmir Stag (Cervus hanglu) also known as Hangul an extremely rare deer species.,2024-01-25T07:35:00,,,,
1683729400000,sample_user,Shikra,2024-02-01T09:10:00,F-10 Park,"[73.021, 33.694]",/static/images/samples/shikra.jpg,Small raptor hunting from concealed perch,This is a Shikra (Accipiter badius) a small bird of prey known for its swift hunting technique.,2024-02-01T10:00:00,,,,
1683729500000,sample_user,Himalayan Ibex,2024-02-05T07:20:00,Upper Margalla Hills,"[73.044, 33.767]",/static/images/samples/ibex.jpg,Rare sighting! Small group on steep rocky slopes,This appears to be a Himalayan Ibex (Capra sibirica hemalayanus) rarely seen in the highest parts of Margalla Hills.,2024-02-05T08:10:00,,,,
1683729600000,sample_user,Black-rumped Flameback,2024-02-10T08:30:00,Shakarparian Forest,"[73.078, 33.688]",/static/images/samples/flameback.jpg,Male drumming loudly on dead tree trunk,This is a Black-rumped Flameback (Dinopium benghalense) a woodpecker species with distinctive golden back.,2024-02-10T09:20:00,,,,
1683729700000,sample_user,Fishing Cat,2024-02-15T19:15:00,Rawal Lake,"[73.132, 33.703]",/static/images/samples/fishing_cat.jpg,Rare sighting! Individual hunting along shoreline at night,This appears to be a Fishing Cat (Prionailurus viverrinus) a medium-sized wild cat that specializes in catching fish.,2024-02-15T20:00:00,,,,
1683729800000,sample_user,Plum-headed Parakeet,2024-02-20T08:40:00,Daman-e-Koh,"[73.066, 33.736]",/static/images/samples/plum_parakeet.jpg,Small flock feeding in flowering trees,This is a Plum-headed Parakeet (Psittacula cyanocephala) a colorful parakeet with distinctive male plumage.,2024-02-20T09:30:00,,,,
1683729900000,sample_user,Great Hornbill,2024-02-25T07:10:00,Margalla Hills National Park,"[73.052, 33.750]",/static/images/samples/great_hornbill.jpg,Extremely rare sighting! Pair flying between large trees,This appears to be a Great Hornbill (Buceros bicornis) an extremely rare sighting for the Islamabad region.,2024-02-25T08:00:00,,,,
1683730000000,sample_user,Asian House Gecko,2024-03-01T20:30:00,F-9 Park Building,"[73.034, 33.698]",/static/images/samples/house_gecko.jpg,Multiple individuals on building walls at night,This is an Asian House Gecko (Hemidactylus frenatus) a common wall-climbing lizard found throughout urban areas.,2024-03-01T21:15:00,,,,
1683730100000,sample_user,Grey Heron,2024-03-05T07:45:00,Rawal Lake,"[73.128, 33.699]",/static/images/samples/grey_heron.jpg,Individual standing motionless in shallow water,This is a Grey Heron (Ardea cinerea) a large wading bird common in wetland habitats.,2024-03-05T08:30:00,,,,
1683730200000,sample_user,Common Green Magpie,2024-03-10T09:25:00,Upper Margalla Hills,"[73.046, 33.759]",/static/images/samples/green_magpie.jpg,Rare sighting! Bright green bird moving through canopy,This is a Common Green Magpie (Cissa chinensis) a striking green corvid rarely seen in the Margalla Hills.,2024-03-10T10:15:00,,,,
1683730300000,sample_user,Himalayan Quail,2024-03-15T08:10:00,Margalla Hills Trail 2,"[73.053, 33.744]",/static/images/samples/quail.jpg,Extremely rare sighting! Pair flushed from undergrowth,This may be a Himalayan Quail (Ophrysia superciliosa) an extremely rare bird thought to be nearly extinct.,2024-03-15T09:00:00,,,,
1683730400000,sample_user,Rufous Woodpecker,2024-03-20T07:30:00,Shakarparian Forest,"[73.079, 33.689]",/static/images/samples/rufous_woodpecker.jpg,Observed excavating nest hole in tree trunk,This is a Rufous Woodpecker (Micropternus brachyurus) a unique woodpecker that often nests in ant colonies.,2024-03-20T08:15:00,,,,
1683730500000,sample_user,Black-naped Oriole,2024-03-25T08:20:00,F-10 Park,"[73.023, 33.695]",/static/images/samples/oriole.jpg,Brilliant yellow bird moving through flowering trees,This is a Black-naped Oriole (Oriolus chinensis) a striking yellow bird with black markings.,2024-03-25T09:10:00,,,,
1683730600000,sample_user,Indian Softshell Turtle,2024-04-01T10:45:00,Rawal Lake,"[73.130, 33.700]",/static/images/samples/softshell.jpg,Large individual basking on shore,This is an Indian Softshell Turtle (Nilssonia gangetica) a large freshwater turtle with a soft leathery shell.,2024-04-01T11:30:00,,,,
1683730700000,sample_user,Indian Python,2024-04-05T09:30:00,Margalla Hills Trail 5,"[73.048, 33.747]",/static/images/samples/indian_python.jpg,Large specimen approximately 4 meters long crossing trail,This is an Indian Python (Python molurus) a large non-venomous snake protected under wildlife laws.,2024-04-05T10:15:00,,,,
1683730800000,sample_user,Rufous-bellied Eagle,2024-04-10T07:50:00,Upper Margalla Hills,"[73.042, 33.763]",/static/images/samples/rufous_eagle.jpg,Soaring raptor with distinctive underwing pattern,This is a Rufous-bellied Eagle (Lophotriorchis kienerii) a medium-sized mountain eagle rarely seen in the region.,2024-04-10T08:40:00,,,,
1683730900000,sample_user,Indian Nightjar,2024-04-15T19:30:00,Shakarparian Park,"[73.082, 33.692]",/static/images/samples/nightjar.jpg,Cryptic bird spotted on ground at dusk,This is an Indian Nightjar (Caprimulgus asiaticus) a nocturnal bird with excellent camouflage.,2024-04-15T20:15:00,,,,
1683731000000,sample_user,Scaly-breasted Munia,2024-04-20T08:15:00,F-9 Park,"[73.033, 33.699]",/static/images/samples/munia.jpg,Small flock feeding on grass seeds,This is a Scaly-breasted Munia (Lonchura punctulata) a small finch-like bird that feeds primarily on seeds.,2024-04-20T09:00:00,,,,
1683731100000,sample_user,Brown Wood Owl,2024-04-25T19:10:00,Margalla Hills Trail 3,"[73.059, 33.744]",/static/images/samples/wood_owl.jpg,Large owl perched in dense forest canopy,This is a Brown Wood Owl (Strix leptogrammica) a large forest owl rarely observed in the wild.,2024-04-25T20:00:00,,,,
1683731200000,sample_user,Asiatic Black Bear,2024-05-01T06:20:00,Upper Margalla Hills,"[73.043, 33.764]",/static/images/samples/asiatic_bear.jpg,Individual foraging at forest edge at dawn,This is an Asiatic Black Bear (Ursus thibetanus) a rare and protected species in the Margalla Hills.,2024-05-01T07:10:00,,,,
1683731300000,sample_user,Himalayan Flameback,2024-05-05T08:30:00,Margalla Hills Trail 4,"[73.051, 33.748]",/static/images/samples/himalayan_flameback.jpg,Woodpecker working on large tree trunk,This is a Himalayan Flameback (Dinopium shorii) a woodpecker species found in the foothills of the Himalayas.,2024-05-05T09:15:00,,,,
1683731400000,sample_user,Indian Muntjac,2024-05-10T07:15:00,Margalla Hills National Park,"[73.057, 33.752]",/static/images/samples/muntjac.jpg,Small deer browsing at forest edge in early morning,This is an Indian Muntjac (Muntiacus muntjak) also known as Barking Deer due to its distinctive alarm call.,2024-05-10T08:00:00,,,,
1683731500000,sample_user,Black-shouldered Kite,2024-05-15T09:40:00,Rawal Lake Periphery,"[73.133, 33.705]",/static/images/samples/black_kite.jpg,Hovering over grassland searching for prey,This is a Black-shouldered Kite (Elanus axillaris) a small raptor known for its hovering hunting technique.,2024-05-15T10:30:00,,,,
1683731600000,sample_user,Yellow-bellied Prinia,2024-05-20T08:10:00,Shakarparian Park,"[73.081, 33.693]",/static/images/samples/prinia.jpg,Small warbler singing from tall grass,This is a Yellow-bellied Prinia (Prinia flaviventris) a small insectivorous bird found in grassland habitats.,2024-05-20T09:00:00,,,,
1683731700000,sample_user,Leopard Cat,2024-05-25T20:15:00,Margalla Hills Trail 5,"[73.049, 33.749]",/static/images/samples/leopard_cat.jpg,Rare sighting! Individual crossing trail at night,This is a Leopard Cat (Prionailurus bengalensis) a small wild cat species rarely observed in the wild.,2024-05-25T21:00:00,,,,
1683731800000,sample_user,Indian Grey Mongoose,2024-06-01T10:30:00,F-10 Park,"[73.022, 33.696]",/static/images/samples/grey_mongoose.jpg,Very active individual hunting in undergrowth,This is an Indian Grey Mongoose (Herpestes edwardsii) known for its ability to hunt snakes and other prey.,2024-06-01T11:15:00,,,,
1683731900000,sample_user,Himalayan Blue Whistling Thrush,2024-06-05T07:40:00,Daman-e-Koh,"[73.065, 33.737]",/static/images/samples/whistling_thrush.jpg,Deep blue bird foraging near small stream,This is a Himalayan Blue Whistling Thrush (Myophonus caeruleus) known for its melodious whistling song.,2024-06-05T08:30:00,,,,
1683732000000,sample_user,Eurasian Collared Dove,2024-06-10T08:50:00,F-9 Park,"[73.035, 33.700]",/static/images/samples/collared_dove.jpg,Pair cooing loudly from tree branches,This is a Eurasian Collared Dove (Streptopelia decaocto) a common dove species identified by the black collar on its neck.,2024-06-10T09:40:00,,,,
1683732100000,sample_user,Indian Roller,2024-06-15T09:15:00,Shakarparian Park,"[73.083, 33.694]",/static/images/samples/roller.jpg,Bright blue bird performing aerial acrobatics,This is an Indian Roller (Coracias benghalensis) known for its vibrant blue plumage and rolling flight displays.,2024-06-15T10:00:00,,,,
1683732200000,sample_user,Himalayan Brown Bear,2024-06-20T06:30:00,Upper Margalla Hills,"[73.041, 33.766]",/static/images/samples/brown_bear.jpg,Extremely rare sighting at distance in early morning,This may be a Himalayan Brown Bear (Ursus arctos isabellinus) an extremely rare sighting in Margalla Hills.,2024-06-20T07:15:00,,,,
1683732300000,sample_user,Himalayan Tahr,2024-06-25T07:10:00,Upper Margalla Hills,"[73.042, 33.765]",/static/images/samples/tahr.jpg,Small group on steep rocky slope,This appears to be a small group of Himalayan Tahr (Hemitragus jemlahicus) a wild goat species rare in this region.,2024-06-25T08:00:00,,,,
1683732400000,sample_user,Golden Jackal,2024-07-01T18:45:00,Margalla Foothills,"[73.056, 33.739]",/static/images/samples/golden_jackal.jpg,Pair hunting at dusk in open grassland,This is a Golden Jackal (Canis aureus) a medium-sized canid common in various habitats around Islamabad.,2024-07-01T19:30:00,,,,
1683732500000,sample_user,Himalayan Monal,2024-07-05T07:20:00,Upper Margalla Hills,"[73.045, 33.767]",/static/images/samples/himalayan_monal.jpg,Rare sighting! Male with iridescent plumage,This is a Himalayan Monal (Lophophorus impejanus) the national bird of Nepal occasionally spotted in higher elevations.,2024-07-05T08:10:00,,,,
1683732600000,sample_user,White-rumped Shama,2024-07-10T08:35:00,Margalla Hills Trail 2,"[73.054, 33.743]",/static/images/samples/shama.jpg,Melodious song heard before bird was spotted,This is a White-rumped Shama (Copsychus malabaricus) known for its beautiful song and long tail.,2024-07-10T09:20:00,,,,
1683732700000,sample_user,Oriental Magpie-Robin,2024-07-15T07:50:00,F-10 Park,"[73.024, 33.695]",/static/images/samples/magpie_robin.jpg,Male singing from exposed perch,This is an Oriental Magpie-Robin (Copsychus saularis) a common but charismatic black and white songbird.,2024-07-15T08:40:00,,,,
1683732800000,sample_user,Chestnut-bellied Sandgrouse,2024-07-20T09:10:00,Open area near Margalla Hills,"[73.050, 33.740]",/static/images/samples/sandgrouse.jpg,Small flock flying in formation,This is a Chestnut-bellied Sandgrouse (Pterocles exustus) a desert-adapted bird occasionally seen in dry areas.,2024-07-20T10:00:00,,,,
1747462407481,user_1747462404114,,2025-05-07T11:12,Margalla Hills,,/static/uploads/ee688f71-d881-4537-9b5c-672546c1394d_Screenshot_2025-05-17_at_11.05.08_AM.png,Found this,,2025-05-17T11:13:27.481424,unknown,2,,
1747462613420,user_1747462610332,,2025-05-17T11:16:53.420594,Margalla Hills,,/static/uploads/1468b641-3dbd-4858-a7e7-75b34d672d44_Screenshot_2025-05-17_at_11.05.08_AM.png,,,2025-05-17T11:16:53.420616,unknown,1,,
1747462843062,user_1747462838435,Asian Comma,2025-05-12T11:20,Margalla Hills,,/static/uploads/dbe73844-9431-4f8b-a0d5-c4d5476df887_Asian_Comma.jpg,They Were playing with each othes,,2025-05-17T11:20:43.062842,animal,4,,
1747463000001,sample_user,Asian Comma,2025-05-17T09:30:00,Margalla Hills National Park,"[73.055, 33.750]",/static/images/samples/Asian Comma.jpg,Beautiful butterfly specimen in natural habitat,This is an Asian Comma (Polygonia c-aureum) a butterfly species known for its distinctive wing pattern.,2025-05-17T10:00:00,animal,1,Forest,Lepidoptera
1747463000002,sample_user,Asian Common Leopard,2025-05-17T07:15:00,Margalla Hills Trail 5,"[73.048, 33.752]",/static/images/samples/Asian Common Leopard...ntha.jpg,Rare sighting! Individual spotted in early morning,This is an Asian Common Leopard (Panthera pardus) a large cat species known for its distinctive spotted coat.,2025-05-17T08:00:00,animal,1,Forest,Felidae
1747463000003,sample_user,Chacma Baboon,2025-05-16T14:20:00,Islamabad Zoo,"[73.080, 33.700]",/static/images/samples/Chacma Baboon Papio ursinus.jpg,Part of captive population at the zoo,This is a Chacma Baboon (Papio ursinus) a large primate native to southern Africa.,2025-05-16T15:00:00,animal,1,Captivity,Cercopithecidae
1747463000004,sample_user,Chocolate Pansy,2025-05-17T11:45:00,F-9 Park,"[73.033, 33.699]",/static/images/samples/Chaocolate pansy.jpg,Observed feeding on flowering plants,This is a Chocolate Pansy (Junonia iphita) a common butterfly species with brown coloration.,2025-05-17T12:15:00,animal,1,Garden,Lepidoptera
1747463000005,sample_user,Common Mormon Swallow,2025-05-17T10:30:00,Shakarparian Park,"[73.082, 33.692]",/static/images/samples/Common Mormon Swallow...lytes.jpg,Beautiful specimen with distinctive tail,This is a Common Mormon Swallowtail (Papilio polytes) a large butterfly with distinctive wing pattern.,2025-05-17T11:00:00,animal,1,Garden,Lepidoptera
1747463000006,sample_user,Crested Pigeon,2025-05-16T09:20:00,F-10 Park,"[73.021, 33.694]",/static/images/samples/Crested Pigeon Ocypha...otes.jpg,Individual foraging on ground,This is a Crested Pigeon (Ocyphaps lophotes) an Australian bird species with a distinctive crest.,2025-05-16T10:00:00,animal,1,Urban,Columbidae
1747463000007,sample_user,Feral Pigeon,2025-05-16T08:15:00,Zero Point,"[73.084, 33.715]",/static/images/samples/Feral Pigeon Columb...stica.jpg,Common urban bird perched on structure,This is a Feral Pigeon (Columba livia domestica) a domesticated bird species common in urban areas worldwide.,2025-05-16T09:00:00,animal,1,Urban,Columbidae
1747463000008,sample_user,Long-tailed Macaque,2025-05-15T15:40:00,Margalla Hills Trail 3,"[73.059, 33.745]",/static/images/samples/Long-tailed Macaque.jpg,Individual crossing road,This is a Long-tailed Macaque (Macaca fascicularis) a monkey species native to Southeast Asia.,2025-05-15T16:15:00,animal,1,Forest,Cercopithecidae
1747463000009,sample_user,Orange Migrant Catopsilia,2025-05-17T13:10:00,Daman-e-Koh,"[73.066, 33.735]",/static/images/samples/Orange Migrant Catopsil...cylla.jpg,Bright colored butterfly on vegetation,This is an Orange Migrant (Catopsilia scylla) a butterfly species with bright yellow-orange coloration.,2025-05-17T13:45:00,animal,1,Forest,Lepidoptera
1747463000010,sample_user,Patas Monkey,2025-05-15T11:30:00,Islamabad Zoo,"[73.080, 33.700]",/static/images/samples/Patas Monkey.jpg,Active individual in zoo enclosure,This is a Patas Monkey (Erythrocebus patas) a ground-dwelling monkey species native to Africa.,2025-05-15T12:15:00,animal,1,Captivity,Cercopithecidae
1747463000011,sample_user,Red-billed Pigeon,2025-05-16T10:45:00,F-9 Park,"[73.034, 33.698]",/static/images/samples/Red-billed Pigeon.jpeg,Perched on branch in park,This is a Red-billed Pigeon (Patagioenas flavirostris) a medium-sized pigeon with distinctive bill.,2025-05-16T11:30:00,animal,1,Urban,Columbidae
1747463000012,sample_user,Rhesus Macaque,2025-05-15T09:15:00,Margalla Hills Trail 2,"[73.053, 33.743]",/static/images/samples/Rhesus Macaque Macaca...latta.jpg,Part of troop foraging near trail,This is a Rhesus Macaque (Macaca mulatta) a common primate species in Margalla Hills.,2025-05-15T10:00:00,animal,2,Forest,Cercopithecidae
1747463000013,sample_user,Rhesus Macaque,2025-05-15T08:20:00,Daman-e-Koh,"[73.064, 33.737]",/static/images/samples/Rhesus Macaque.jpg,Individual sitting on ground,This is a Rhesus Macaque (Macaca mulatta) a common primate in the Margalla Hills area.,2025-05-15T09:00:00,animal,1,Forest,Cercopithecidae
1747463000014,sample_user,Rock Pigeon,2025-05-16T13:30:00,F-9 Park,"[73.035, 33.700]",/static/images/samples/Rock Pigeon Columba livia.jpg,Perched on building ledge,This is a Rock Pigeon (Columba livia) a common urban bird species worldwide.,2025-05-16T14:15:00,animal,1,Urban,Columbidae
1747463000015,sample_user,Zebra Dove,2025-05-16T11:20:00,Shakarparian Park,"[73.083, 33.691]",/static/images/samples/Zebra dove.jpg,Small dove perched on branch,This is a Zebra Dove (Geopelia striata) a small species with distinctive barred pattern.,2025-05-16T12:00:00,animal,1,Garden,Columbidae
1747473053214,user_1747473049708,,2025-05-05T14:08,Shakarparian Park,,/static/uploads/e4c38ad7-9510-4b37-9e51-b513bfdce4a6_Screenshot_2025-05-17_at_11.05.08_AM.png,Tiger ,,2025-05-17T14:10:53.214027,unknown,1,,
1769040434511,anonymous,Rhesus Macaque,2024-06-12T17:01,"Marghazar Zoo, Margalla Trail","[73.07691148870201, 33.75121549260137]",/static/uploads/565b829a-7dc9-43f6-8d22-aa0ec0f7640f_rhesus_macaque.jpg,"a familiar brown/grey monkey from Asia with a distinctive pink, furless face and rear, known for its intelligence, adaptability, and social structure.",,2026-01-22T05:07:14.512405,animal,1,,
1769041261044,anonymous,Rhesus Macaque,2026-01-20T17:20,Margalla Trail ,"[73.04491990003721, 33.74682447501154]",/static/uploads/bfd1f61e-92a8-4777-9ad9-1d7b08f01a92_rhesus_macaque.jpg,"a familiar brown/grey monkey from Asia with a distinctive pink, furless face and rear, known for its intelligence, adaptability, and social structure",,2026-01-22T05:21:01.044411,animal,1,,
